{
  "version": 2,
  "builds": [
    {
      "src": "server.js",
      "use": "@vercel/node"
    }
  ],
  "routes": [
    {
      "src": "/api/(.*)",
      "dest": "/server.js"
    },
    {
      "src": "/admin.html",
      "dest": "/public/admin.html"
    },
    {
      "src": "/admin",
      "dest": "/public/admin.html"
    },
    {
      "src": "/script.js",
      "dest": "/public/script.js"
    },
    {
      "src": "/styles.css",
      "dest": "/public/styles.css"
    },
    {
      "src": "/",
      "dest": "/public/index.html"
    },
    {
      "src": "/(.*)",
      "dest": "/public/$1"
    }
  ],
  "env": {
    "NODE_ENV": "production"
  }
}